Metric title,Metric title (es),Metric category,Metric code,Aggregation type,Label for the value,Label for the raw value (value * weight),Geographies available,Metadata link
Asian,Asiático/a,Demographics,PTASNL,weighted,,people,"blockgroup, tract",https://compass.durhamnc.gov/data/meta/mPTASNL.html
Automotive Code Violations,Violaciones al Código de Automóviles,Environment,VCODE,weighted,violations per sq mi,violations,blockgroup,https://compass.durhamnc.gov/data/meta/mVCODE.html
Average Age of Death,Edad Promedio de Muerte,Health,AVEAGE,mean,years,,"blockgroup, tract",https://compass.durhamnc.gov/data/meta/mAVEAGE.html
Average Residential Building Permit Value,Promedio del Valor de los Permisos de Construcción Residencial,Economy,MEANRPMT,weighted,,,blockgroup,https://compass.durhamnc.gov/data/meta/mMEANRPMT.html
Average Year of Residential Construction,Año Promedio de Construcción Residencial,Housing,RAVGYR,mean,,,blockgroup,https://compass.durhamnc.gov/data/meta/mRAVGYR.html
Avg. Monthly Household Electricity Use,Promedio Consumo mensual de electricidad por hogar,Environment,KWH,mean,,,blockgroup,https://compass.durhamnc.gov/data/meta/mKWH.html
Black or African American,Negro o afroamericano,Demographics,PTBLKNL,weighted,,people,"blockgroup, tract",https://compass.durhamnc.gov/data/meta/mPTBLKNL.html
Child Care Centers per Square Mile,Centros de Cuidado de Niños por milla cuadrada,Education,CCC,weighted,centers per sq mi,centers,blockgroup,https://compass.durhamnc.gov/data/meta/mCCC.html
Child Care Centers with 4 or 5 Star Ratings,Centros de Cuidado de Niños Calificados con 4 o 5 estrellas,Education,CC45,weighted,,centers,blockgroup,https://compass.durhamnc.gov/data/meta/mCC45.html
Chronic Kidney Disease (Asian Population),Enfermedad Renal Crónica (Población Asiática),Health,CKD_ASIAN,weighted,,adults,tract,https://compass.durhamnc.gov/data/meta/mCKD_ASIAN.html
Chronic Kidney Disease (Black or African American Population),Enfermedad Renal Crónica (Población Negra o Afroamericana),Health,CKD_BLACK,weighted,,adults,tract,https://compass.durhamnc.gov/data/meta/mCKD_BLACK.html
Chronic Kidney Disease (Female),Enfermedad Renal Crónica (Mujeres),Health,CKD_FEMALE,weighted,,adults,tract,https://compass.durhamnc.gov/data/meta/mCKD_FEMALE.html
Chronic Kidney Disease (Hispanic or Latino/a Population),Enfermedad Renal Crónica (Población Hispana o Latina),Health,CKD_HISPANIC,weighted,,adults,tract,https://compass.durhamnc.gov/data/meta/mCKD_HISPANIC.html
Chronic Kidney Disease (Male),Enfermedad Renal Crónica (Hombres),Health,CKD_MALE,weighted,,adults,tract,https://compass.durhamnc.gov/data/meta/mCKD_MALE.html
Chronic Kidney Disease (Male),Enfermedad Renal Crónica (Población Adulta),Health,CKD_TOTAL,weighted,,adults,tract,https://compass.durhamnc.gov/data/meta/mCKD_TOTAL.html
Chronic Kidney Disease (White Population),Enfermedad Renal Crónica (Población Blanca),Health,CKD_WHITE,weighted,,adults,tract,https://compass.durhamnc.gov/data/meta/mCKD_WHITE.html
Commercial Building Permit Values Per Sq Mile,Valores de los Permisos de Construcción Comercial por milla cuadrada,Economy,CPMTS,weighted,permits per sq mi,permits,blockgroup,https://compass.durhamnc.gov/data/meta/mCPMTS.html
Commercial Certificates of Occupancy per Sq Mile,Certificados de Ocupación Comercial por milla cuadrada,Economy,COB,weighted,certificates per sq mi,certificates,blockgroup,https://compass.durhamnc.gov/data/meta/mCOB.html
Commuting to Work by Bicycle,Viaje al trabajo en bicicleta,Infrastructure and Amenities,BIKEWK,weighted,,people,blockgroup,https://compass.durhamnc.gov/data/meta/mBIKEWK.html
Cost-Burdened Mortgage Holders,Hogares con demasiados costos,Housing,UNFOWN,weighted,,households,blockgroup,https://compass.durhamnc.gov/data/meta/mUNFOWN.html
Cost-Burdened Renters,Arrendatarios con demasiados costos,Housing,UNFRENT,weighted,,renter households,"blockgroup, tract",https://compass.durhamnc.gov/data/meta/mUNFRENT.html
Diabetes (Adult Population),Diabetes (Población Adulta),Health,DIABETES_TOTAL,weighted,,adults,tract,https://compass.durhamnc.gov/data/meta/mDIABETES_TOTAL.html
Diabetes (Asian Population),Diabetes (Población Asiática),Health,DIABETES_ASIAN,weighted,,adults,tract,https://compass.durhamnc.gov/data/meta/mDIABETES_ASIAN.html
Diabetes (Black or African American Population),Diabetes (Población Afroamericana o Negra),Health,DIABETES_BLACK,weighted,,adults,tract,https://compass.durhamnc.gov/data/meta/mDIABETES_BLACK.html
Diabetes (Female),Diabetes (Mujeres),Health,DIABETES_FEMALE,weighted,,adults,tract,https://compass.durhamnc.gov/data/meta/mDIABETES_FEMALE.html
Diabetes (Hispanic or Latino/a Population),Diabetes (Población Hispana o Latina),Health,DIABETES_HISPANIC,weighted,,adults,tract,https://compass.durhamnc.gov/data/meta/mDIABETES_HISPANIC.html
Diabetes (Male),Diabetes (Hombres),Health,DIABETES_MALE,weighted,,adults,tract,https://compass.durhamnc.gov/data/meta/mDIABETES_MALE.html
Diabetes (White Population),Diabetes (Población Blanca),Health,DIABETES_WHITE,weighted,,adults,tract,https://compass.durhamnc.gov/data/meta/mDIABETES_WHITE.html
Drug Crimes per Square Mile,Delitos relacionados con drogas por milla cuadrada,Safety,D_SQM,weighted,incidents per sq mi,incidents,blockgroup,https://compass.durhamnc.gov/data/meta/mD_SQM.html
General Election Participation,Participación en Elecciones Generales,Civic Engagement,PTGNRL,weighted,,voters,blockgroup,https://compass.durhamnc.gov/data/meta/mPTGNRL.html
Heart Attack (Adult Population),Ataque Cardíaco (Población Adulta),Health,HEARTATTACK_TOTAL,weighted,,adults,tract,https://compass.durhamnc.gov/data/meta/mHEARTATTACK_TOTAL.html
Heart Attack (Black or African American Population),Ataque Cardíaco (Población Negra o Afroamericana),Health,HEARTATTACK_BLACK,weighted,,adults,tract,https://compass.durhamnc.gov/data/meta/mHEARTATTACK_BLACK.html
Heart Attack (Female),Ataque Cardíaco (Mujeres),Health,HEARTATTACK_FEMALE,weighted,,adults,tract,https://compass.durhamnc.gov/data/meta/mHEARTATTACK_FEMALE.html
Heart Attack (Male),Ataque Cardíaco (Hombres),Health,HEARTATTACK_MALE,weighted,,adults,tract,https://compass.durhamnc.gov/data/meta/mHEARTATTACK_MALE.html
Heart Attack (White Population),Ataque Cardíaco (Población Blanca),Health,HEARTATTACK_WHITE,weighted,,adults,tract,https://compass.durhamnc.gov/data/meta/mHEARTATTACK_WHITE.html
Hispanic/Latino,Hispano/Latino,Demographics,PTLAT,weighted,,people,"blockgroup, tract",https://compass.durhamnc.gov/data/meta/mPTLAT.html
Homes Near Banks or Credit Unions,Viviendas cerca de bancos y uniones de crédito,Infrastructure and Amenities,PROXBANK,weighted,,households,blockgroup,https://compass.durhamnc.gov/data/meta/mPROXBANK.html
Homes Near Bus Stops,Viviendas cerca de paradas de autobús,Infrastructure and Amenities,PROXBUS,weighted,,households,blockgroup,https://compass.durhamnc.gov/data/meta/mPROXBUS.html
Homes Near Fast Food & Convenience Stores,Viviendas cerca de locales de comida rápida y tiendas de conveniencia,Infrastructure and Amenities,PROXCF,weighted,,households,blockgroup,https://compass.durhamnc.gov/data/meta/mPROXCF.html
Homes Near Grocery Stores,Viviendas cerca de supermercados,Infrastructure and Amenities,PROXGR,weighted,,households,blockgroup,https://compass.durhamnc.gov/data/meta/mPROXGR.html
Homes Near Health Care Clinics,Viviendas cerca de clínicas de salud,Health,CLINIC,weighted,of households,homes near clinics,blockgroup,https://compass.durhamnc.gov/data/meta/mCLINIC.html
Homes Near Pharmacies,Viviendas cerca de farmacias,Infrastructure and Amenities,PROXPH,weighted,,households,blockgroup,https://compass.durhamnc.gov/data/meta/mPROXPH.html
Impervious Area,Áreas Impermeables,Environment,PCTIMP,weighted,,,blockgroup,https://compass.durhamnc.gov/data/meta/mPCTIMP.html
Land Use Diversity,Diversidad en el Uso de la Tierra,Economy,LUDIV,mean,,,blockgroup,https://compass.durhamnc.gov/data/meta/mLUDIV.html
Long Commute Times,Viaje al trabajo extenso,Environment,PCTC30,weighted,,commuters,blockgroup,https://compass.durhamnc.gov/data/meta/mPCTC30.html
Median Age,Mediana de Edad,Demographics,MEDAGE,mean,years,,blockgroup,https://compass.durhamnc.gov/data/meta/mMEDAGE.html
Median Gross Rent,Mediana del Arriendo Bruto,Housing,MEDGRENT,weighted,,,"tract, blockgroup",https://compass.durhamnc.gov/data/meta/mMEDGRENT.html
Median Home Value,Mediana del Valor de Viviendas,Housing,MEDHV,weighted,,,tract,https://compass.durhamnc.gov/data/meta/mMEDHV.html
Median Homebuyer Income,Mediana del Ingreso de los Compradores de Vivienda,Housing,HMINC,mean,,,tract,https://compass.durhamnc.gov/data/meta/mHMINC.html
Median Household Income,Mediana del Ingreso de los Hogares,Economy,MEDINC,weighted,,,"blockgroup, tract",https://compass.durhamnc.gov/data/meta/mMEDINC.html
Minimum Housing Code Violations per Square Mile,Violaciones al Código de Estándares Mínimos de Vivienda por milla cuadrada,Housing,RCODE,weighted,violations per sq mi,violations,blockgroup,https://compass.durhamnc.gov/data/meta/mRCODE.html
Other Race,Otra raza,Demographics,PTOTHNL,weighted,,people,blockgroup,https://compass.durhamnc.gov/data/meta/mPTOTHNL.html
Per Capita Income,Ingreso Per Cápita,Economy,PCI,weighted,,,"blockgroup, tract",https://compass.durhamnc.gov/data/meta/mPCI.html
Percent of Adults with a Bachelors Degree or More,Porcentaje de adultos con licenciaturas o más,Education,BACH,weighted,,adults,tract,https://compass.durhamnc.gov/data/meta/mBACH.html
Poor or Unsound State of Repair,Estado de Reparación Escaso y Defectuoso,Housing,PRUNSD,weighted,,dwelling units in poor or unsound state of repair,blockgroup,https://compass.durhamnc.gov/data/meta/mPRUNSD.html
Population,Población,Demographics,POP,sum,people,,"blockgroup, tract",https://compass.durhamnc.gov/data/meta/mPOP.html
Population Density,Densidad de población,Demographics,POPDENS,weighted,people per sq mi,,blockgroup,https://compass.durhamnc.gov/data/meta/mPOPDENS.html
Primary Election Participation,Participación en Elecciones Primarias,Civic Engagement,PTPRIM,weighted,,voters,blockgroup,https://compass.durhamnc.gov/data/meta/mPTPRIM.html
Property Crimes per Square Mile,Delitos a la propiedad por milla cuadrada,Safety,P_SQM,weighted,crimes per sq mi,crimes,blockgroup,https://compass.durhamnc.gov/data/meta/mP_SQM.html
Race/Ethnic Diversity,Diversidad Racial/Étnica,Demographics,REDIV,mean,,,blockgroup,https://compass.durhamnc.gov/data/meta/mREDIV.html
Renter-Occupied Housing,Vivienda Ocupada por Inquilinos,Housing,PCTRENT,weighted,,renter households,blockgroup,https://compass.durhamnc.gov/data/meta/mPCTRENT.html
Residential Building Permit Value Per Sq Mile,Promedio del Valor de los Permisos de Construcción Residencial por milla cuadrada,Economy,RPMTS,weighted,per sq mi,total dollars,blockgroup,https://compass.durhamnc.gov/data/meta/mRPMTS.html
Residential Certificates of Occupancy per Sq Mile,Certificados de Ocupación Residencial por milla cuadrada,Economy,COR,weighted,certificates per sq mi,certificates,blockgroup,https://compass.durhamnc.gov/data/meta/mCOR.html
Retirement-Age Population,Población en Edad de Jubilación,Demographics,PT65UP,weighted,,people,"blockgroup, tract",https://compass.durhamnc.gov/data/meta/mPT65UP.html
Sidewalks to Roadways,Aceras a carreteras,Infrastructure and Amenities,SWTORD,weighted,ratio of sidewalks to roadways,,blockgroup,https://compass.durhamnc.gov/data/meta/mSWTORD.html
Single-Occupancy Commuters,Viaje al trabajo sin acompañantes,Environment,DRALONE,weighted,,commuters,blockgroup,https://compass.durhamnc.gov/data/meta/mDRALONE.html
Stroke (Adult Population),Accidente Cerebrovascular (Población Adulta),Health,STROKE_TOTAL,weighted,,adults,tract,https://compass.durhamnc.gov/data/meta/mSTROKE_TOTAL.html
Stroke (Black or African American Population),Accidente Cerebrovascular (Población Negra o Afroamericana),Health,STROKE_BLACK,weighted,,adults,tract,https://compass.durhamnc.gov/data/meta/mSTROKE_BLACK.html
Stroke (Female),Accidente Cerebrovascular (Mujeres),Health,STROKE_FEMALE,weighted,,adults,tract,https://compass.durhamnc.gov/data/meta/mSTROKE_FEMALE.html
Stroke (Male),Accidente Cerebrovascular (Hombres),Health,STROKE_MALE,weighted,,adults,tract,https://compass.durhamnc.gov/data/meta/mSTROKE_MALE.html
Stroke (White Population),Accidente Cerebrovascular (Población Blanca),Health,STROKE_WHITE,weighted,,adults,tract,https://compass.durhamnc.gov/data/meta/mSTROKE_WHITE.html
Summary Ejectments Per Square Mile,Órdenes de desalojo por milla cuadrada,Housing,SUMEJECT,weighted,evictions per sq mi,evictions,"blockgroup, tract",https://compass.durhamnc.gov/data/meta/mSUMEJECT.html
Supplemental Security Income,Seguridad de Ingreso Suplementario,Economy,PCTSSI,weighted,,people receiving SSI,tract,https://compass.durhamnc.gov/data/meta/mPCTSSI.html
Tax Value Change,Cambio de Valor Impositivo,Housing,REVAL,mean,,,blockgroup,https://compass.durhamnc.gov/data/meta/mREVAL.html
Tree Coverage,Cobertura arbórea,Environment,PCTTREE,weighted,,,blockgroup,https://compass.durhamnc.gov/data/meta/mPCTTREE.html
Unmaintained Property Violations per Sq Mile,Violaciones por Propiedades No Mantenidas por milla cuadrada,Environment,WCODE,weighted,violations per sq mi,violations,blockgroup,https://compass.durhamnc.gov/data/meta/mWCODE.html
Violent Crimes per Square Mile,Delitos violentos por milla cuadrada,Safety,V_SQM,weighted,incidents per sq mi,incidents,blockgroup,https://compass.durhamnc.gov/data/meta/mV_SQM.html
Walking to Work,Ir al Trabajo Caminando,Infrastructure and Amenities,WLKWK,weighted,,people,blockgroup,https://compass.durhamnc.gov/data/meta/mWLKWK.html
White or Caucasian,Blanco o caucásico,Demographics,PTWHNL,weighted,,people,"blockgroup, tract",https://compass.durhamnc.gov/data/meta/mPTWHNL.html
Working from Home,Trabajo desde la Vivienda,Infrastructure and Amenities,WKHOME,weighted,,people,blockgroup,https://compass.durhamnc.gov/data/meta/mWKHOME.html
Youth Population,Población menor de 18 años,Demographics,PTUND18,weighted,,young people,"blockgroup, tract",https://compass.durhamnc.gov/data/meta/mPTUND18.html
